{
    "name": "AsyncMqttClient", 
    "repository": {
        "url": "https://github.com/marvinroger/async-mqtt-client.git", 
        "type": "git"
    }, 
    "platforms": [
        "espressif32", 
        "espressif8266"
    ], 
    "frameworks": [
        "arduino"
    ], 
    "version": "0.8.2", 
    "dependencies": [
        {
            "platforms": "espressif8266", 
            "version": "1.2.0", 
            "name": "ESPAsyncTCP"
        }, 
        {
            "platforms": "espressif32", 
            "version": "^1.0.0", 
            "name": "AsyncTCP"
        }
    ], 
    "authors": [
        {
            "url": "https://www.marvinroger.fr", 
            "maintainer": false, 
            "email": null, 
            "name": "Marvin ROGER"
        }
    ], 
    "keywords": [
        "esp8266", 
        "iot", 
        "automation", 
        "mqtt", 
        "client", 
        "async", 
        "home"
    ], 
    "id": 346, 
    "description": "An Arduino for ESP8266 / ESP32 asynchronous MQTT client implementation"
}