{
    "description": "Arduino library to facilitate time zone conversions and automatic daylight saving (summer) time adjustments.", 
    "repository": {
        "url": "https://github.com/JChristensen/Timezone", 
        "type": "git"
    }, 
    "platforms": [
        "atmelavr"
    ], 
    "export": {
        "exclude": [
            "extras", 
            "docs", 
            "tests", 
            "test", 
            "*.doxyfile", 
            "*.pdf"
        ], 
        "include": null
    }, 
    "authors": [
        {
            "maintainer": true, 
            "name": "Jack Christensen", 
            "url": null, 
            "email": "jack.christensen@outlook.com"
        }
    ], 
    "keywords": [
        "timing"
    ], 
    "id": 76, 
    "name": "Timezone", 
    "frameworks": [
        "arduino"
    ], 
    "version": "1.2.4", 
    "homepage": null
}